<?xml version="1.0" encoding="UTF-8"?>
<project-private xmlns="http://www.netbeans.org/ns/project-private/1">
    <editor-bookmarks xmlns="http://www.netbeans.org/ns/editor-bookmarks/2" lastBookmarkId="0"/>
    <open-files xmlns="http://www.netbeans.org/ns/projectui-open-files/2">
        <group>
            <file>file:/C:/Users/Lloyd/Documents/GitHub/NetBeansProjects/IMF_Game/src/imf_game/Trader.java</file>
            <file>file:/C:/Users/Lloyd/Documents/GitHub/NetBeansProjects/IMF_Game/src/imf_game/MenuDriver.java</file>
            <file>file:/C:/Users/Lloyd/Documents/GitHub/NetBeansProjects/IMF_Game/src/imf_game/GameData.java</file>
            <file>file:/C:/Users/Lloyd/Documents/GitHub/NetBeansProjects/IMF_Game/src/imf_game/Main.java</file>
            <file>file:/C:/Users/Lloyd/Documents/GitHub/NetBeansProjects/IMF_Game/src/imf_game/Goods.java</file>
            <file>file:/C:/Users/Lloyd/Documents/GitHub/NetBeansProjects/IMF_Game/src/imf_game/MarketData.java</file>
            <file>file:/C:/Users/Lloyd/Documents/GitHub/NetBeansProjects/IMF_Game/src/imf_game/TradeManager.java</file>
        </group>
    </open-files>
</project-private>
