<?xml version="1.0" encoding="UTF-8"?>
<project-private xmlns="http://www.netbeans.org/ns/project-private/1">
    <editor-bookmarks xmlns="http://www.netbeans.org/ns/editor-bookmarks/2" lastBookmarkId="0"/>
    <open-files xmlns="http://www.netbeans.org/ns/projectui-open-files/2">
        <group>
            <file>file:/C:/Users/Lloyd/Documents/NetBeansProjects/hw1/src/hw1/NavigatorDriver.java</file>
            <file>file:/C:/Users/Lloyd/Documents/NetBeansProjects/hw1/src/hw1/ConsoleMenu.java</file>
            <file>file:/C:/Users/Lloyd/Documents/NetBeansProjects/hw1/src/hw1/Path.java</file>
        </group>
    </open-files>
</project-private>
